CustomerID,Gender,SeniorCitizen,Partner,Dependents,Tenure,PhoneService,InternetService,Contract,PaperlessBilling,PaymentMethod,MonthlyCharges,TotalCharges,Churn
8699-ASUFO,Male,1,Yes,No,7,Yes,Fiber optic,Month-to-month,Yes,Mailed check,74.4,527.9,
6418-PIQSP,Female,0,Yes,No,62,Yes,DSL,Two year,No,Mailed check,81,4985.9,
8220-OCUFY,Female,0,No,No,21,Yes,DSL,One year,Yes,Electronic check,60.25,1258.35,
3995-WFCSM,Female,0,No,No,2,Yes,DSL,Month-to-month,No,Electronic check,60.85,111.4,
1895-QTKDO,Female,0,No,No,1,Yes,DSL,Month-to-month,No,Credit card (automatic),43.95,43.95,
2038-OEQZH,Male,0,No,No,4,Yes,Fiber optic,Month-to-month,No,Electronic check,86.05,308.1,
1178-PZGAB,Female,0,No,No,19,Yes,No,One year,No,Credit card (automatic),20.25,383.65,
7927-AUXBZ,Female,0,No,No,30,Yes,Fiber optic,Month-to-month,No,Electronic check,85.15,2555.9,
2626-VEEWG,Male,0,Yes,Yes,67,Yes,No,Two year,Yes,Credit card (automatic),19.4,1284.2,
2878-RMWXY,Male,1,Yes,No,72,Yes,Fiber optic,Two year,Yes,Credit card (automatic),102.65,7550.3,
1657-DYMBM,Male,0,Yes,No,53,Yes,No,Two year,No,Credit card (automatic),19.9,1110.05,
7311-MQJCH,Female,0,No,No,5,Yes,No,One year,No,Electronic check,19.55,99.6,
7375-WMVMT,Male,1,Yes,No,71,Yes,Fiber optic,Two year,Yes,Credit card (automatic),95.5,6707.15,
1136-XGEQU,Female,0,Yes,Yes,50,Yes,DSL,One year,Yes,Credit card (automatic),84.15,4164.4,
2530-FMFXO,Male,0,Yes,Yes,56,Yes,Fiber optic,Two year,Yes,Electronic check,103.2,5873.75,
6844-DZKRF,Male,0,No,No,2,Yes,DSL,Month-to-month,Yes,Credit card (automatic),50.2,109.25,
4695-WJZUE,Female,1,No,No,2,Yes,Fiber optic,Month-to-month,Yes,Electronic check,88.55,179.25,
7619-ODSGN,Male,0,Yes,Yes,24,Yes,DSL,Month-to-month,No,Electronic check,54.75,1338.15,
5970-GHJAW,Male,0,Yes,Yes,46,Yes,No,Two year,No,Credit card (automatic),19.95,862.4,
8879-XUAHX,Male,0,Yes,No,71,Yes,Fiber optic,Two year,Yes,Electronic check,116.25,8564.75,
3689-MOZGR,Female,0,No,No,29,No,DSL,Month-to-month,Yes,Electronic check,31.2,926.2,
4195-PNGZS,Male,0,Yes,Yes,69,Yes,No,Two year,No,Bank transfer (automatic),24.45,1718.2,
5003-XZWWO,Male,0,Yes,No,71,Yes,DSL,Two year,No,Credit card (automatic),84.2,5956.85,
3988-RQIXO,Female,1,No,No,1,Yes,Fiber optic,Month-to-month,Yes,Electronic check,91.3,91.3,
7622-FWGEW,Male,1,Yes,No,56,Yes,DSL,Two year,Yes,Bank transfer (automatic),85.65,4824.45,
6922-NCEDI,Male,0,No,Yes,56,Yes,No,One year,Yes,Mailed check,21.2,1238.65,
2514-GINMM,Male,0,No,No,1,Yes,Fiber optic,Month-to-month,Yes,Electronic check,79.5,79.5,
9891-NQDBD,Female,0,Yes,No,28,Yes,No,One year,No,Mailed check,25.55,672.2,
6131-IUNXN,Female,0,Yes,Yes,19,Yes,No,Month-to-month,No,Mailed check,20.2,382.2,
8548-AWOFC,Male,0,Yes,No,66,Yes,DSL,Month-to-month,No,Electronic check,63.85,4264.6,
9798-DRYDS,Female,0,Yes,Yes,17,Yes,DSL,One year,Yes,Mailed check,61.95,1070.7,
8532-UEFWH,Male,0,Yes,Yes,52,Yes,No,Two year,No,Mailed check,25.75,1345.85,
6296-DDOOR,Female,0,No,No,19,Yes,DSL,One year,No,Electronic check,58.2,1045.25,
7951-VRDVK,Female,0,No,No,36,Yes,DSL,One year,No,Bank transfer (automatic),85.85,3003.55,
5931-FLJJF,Male,1,Yes,No,7,Yes,Fiber optic,Month-to-month,Yes,Mailed check,70.1,467.55,
4815-YOSUK,Male,0,Yes,Yes,72,Yes,Fiber optic,One year,Yes,Credit card (automatic),104.9,7537.5,
2659-VXMWZ,Male,0,Yes,Yes,67,Yes,Fiber optic,One year,Yes,Electronic check,111.3,7482.1,
0380-NEAVX,Male,1,No,No,34,Yes,Fiber optic,One year,Yes,Electronic check,99.85,3343.15,
3207-OYBWH,Male,1,Yes,No,57,Yes,Fiber optic,Month-to-month,Yes,Bank transfer (automatic),95.25,5427.05,
4285-GYRQC,Female,0,Yes,No,7,Yes,Fiber optic,Month-to-month,Yes,Electronic check,86.25,587.1,
7216-EWTRS,Female,1,Yes,No,1,Yes,Fiber optic,Month-to-month,Yes,Electronic check,100.8,100.8,
4365-MSDYN,Male,0,Yes,No,8,Yes,No,Month-to-month,Yes,Bank transfer (automatic),19.55,161.15,
7036-TYDEC,Female,0,No,No,69,Yes,Fiber optic,Two year,No,Electronic check,104,7028.5,
5802-ADBRC,Female,0,Yes,No,50,Yes,Fiber optic,One year,Yes,Mailed check,104.4,5232.9,
8076-FEZKJ,Male,0,No,No,10,Yes,No,One year,No,Mailed check,19.5,225.85,
5197-YPYBZ,Female,0,Yes,Yes,12,Yes,No,Two year,No,Credit card (automatic),25.25,274.7,
8337-MSSXB,Female,0,No,No,14,Yes,Fiber optic,Month-to-month,Yes,Electronic check,86.3,1180.95,
4312-GVYNH,Female,0,Yes,No,70,No,DSL,Two year,Yes,Bank transfer (automatic),49.85,3370.2,
8495-LJDFO,Female,1,No,No,64,Yes,Fiber optic,Month-to-month,Yes,Bank transfer (automatic),108.95,7111.3,
0839-JTCUD,Female,0,Yes,Yes,66,Yes,DSL,Two year,No,Credit card (automatic),89.9,5958.85,
5494-WOZRZ,Female,0,Yes,Yes,71,Yes,DSL,Two year,Yes,Credit card (automatic),82,5999.85,
1302-UHBDD,Male,1,No,No,20,Yes,Fiber optic,Month-to-month,No,Electronic check,89.95,1648.45,
2234-EOFPT,Male,0,Yes,No,72,Yes,DSL,Two year,Yes,Bank transfer (automatic),79.35,5753.25,
8619-IJNDK,Female,0,Yes,Yes,71,Yes,DSL,Two year,No,Credit card (automatic),64.05,4492.9,
8378-LKJAF,Male,0,Yes,Yes,38,Yes,Fiber optic,Month-to-month,Yes,Credit card (automatic),101.15,3956.7,
8182-BJDSI,Female,0,No,No,28,Yes,Fiber optic,Month-to-month,Yes,Electronic check,89.95,2625.55,
2528-HFYZX,Male,1,Yes,No,17,Yes,Fiber optic,Month-to-month,Yes,Electronic check,76.45,1233.4,
1153-GNOLC,Male,0,No,No,33,No,DSL,One year,Yes,Electronic check,39.1,1309,
3298-QEICA,Female,0,Yes,Yes,23,No,DSL,Two year,No,Mailed check,34.6,813.45,
0788-DXBFY,Male,0,Yes,Yes,58,Yes,No,One year,Yes,Electronic check,19.55,1108.8,
3597-YASZG,Female,1,Yes,No,70,Yes,Fiber optic,Two year,Yes,Bank transfer (automatic),104.45,7349.35,
3496-LFSZU,Male,0,Yes,No,4,Yes,Fiber optic,Month-to-month,No,Electronic check,70.5,294.2,
5242-UOWHD,Male,0,Yes,Yes,45,Yes,No,Two year,No,Mailed check,20.35,929.2,
2482-CZGBB,Male,0,No,No,10,Yes,Fiber optic,Month-to-month,Yes,Electronic check,70,740,
6479-SZPLM,Male,0,Yes,Yes,36,Yes,No,Two year,No,Credit card (automatic),19.45,754.5,
8097-VBQTZ,Male,0,No,No,54,Yes,DSL,Month-to-month,Yes,Mailed check,69.9,3883.3,
4500-HKANN,Male,0,Yes,Yes,23,Yes,DSL,Two year,No,Mailed check,59.7,1414.2,
9917-KWRBE,Female,0,Yes,Yes,41,Yes,DSL,One year,Yes,Credit card (automatic),78.35,3211.2,
3420-ZDBMA,Male,1,No,No,5,Yes,Fiber optic,Month-to-month,Yes,Mailed check,71.45,371.6,
2212-LYASK,Male,0,Yes,Yes,27,No,DSL,One year,Yes,Credit card (automatic),45.85,1246.4,
1393-IMKZG,Female,0,No,No,1,Yes,Fiber optic,Month-to-month,Yes,Electronic check,95.85,95.85,
8069-RHUXK,Female,0,Yes,Yes,67,No,DSL,Two year,No,Credit card (automatic),35.7,2545.7,
3398-GCPMU,Female,1,Yes,Yes,72,Yes,DSL,Two year,Yes,Credit card (automatic),89.55,6448.85,
2908-WGAXL,Female,0,Yes,Yes,56,Yes,No,Two year,Yes,Credit card (automatic),24.95,1468.9,
3378-AJRAO,Male,0,Yes,Yes,44,Yes,No,One year,No,Electronic check,24.85,1013.6,
3571-RFHAR,Male,0,No,No,65,Yes,Fiber optic,Month-to-month,Yes,Electronic check,109.15,6941.2,
0015-UOCOJ,Female,1,No,No,7,Yes,DSL,Month-to-month,Yes,Electronic check,48.2,340.35,
5334-AFQJB,Male,1,No,No,72,Yes,No,Two year,Yes,Credit card (automatic),25.1,1789.9,
2754-SDJRD,Female,1,No,No,8,Yes,Fiber optic,Month-to-month,Yes,Credit card (automatic),100.15,908.55,
9578-VRMNM,Female,0,No,No,16,Yes,DSL,Month-to-month,Yes,Credit card (automatic),65.2,1043.35,
1587-FKLZB,Male,1,Yes,Yes,66,Yes,Fiber optic,Month-to-month,Yes,Credit card (automatic),99.5,6822.15,
6140-QNRQQ,Male,0,No,No,1,Yes,Fiber optic,Month-to-month,Yes,Mailed check,71.55,71.55,
8963-JLGJT,Male,0,No,Yes,3,Yes,DSL,Month-to-month,No,Mailed check,55.9,157.55,
4307-KTUMW,Male,0,Yes,No,53,Yes,Fiber optic,Month-to-month,No,Electronic check,93.9,5029.2,
1465-LNTLJ,Male,1,Yes,No,8,Yes,DSL,Month-to-month,Yes,Credit card (automatic),64.4,581.7,
5440-FLBQG,Male,1,Yes,No,69,Yes,Fiber optic,Two year,Yes,Bank transfer (automatic),108.4,7318.2,
2135-DQWAQ,Female,0,No,No,5,Yes,Fiber optic,Month-to-month,Yes,Mailed check,85.3,420.45,
4056-QHXHZ,Female,0,Yes,Yes,72,Yes,Fiber optic,Two year,No,Mailed check,107.45,7576.7,
7470-MCQTK,Female,0,Yes,No,13,No,DSL,Month-to-month,Yes,Bank transfer (automatic),48.75,633.4,
7488-MXJIV,Female,0,No,No,4,Yes,Fiber optic,Month-to-month,Yes,Electronic check,85.65,321.65,
7401-JIXNM,Female,0,Yes,Yes,54,Yes,DSL,Two year,No,Credit card (automatic),91.3,4965,
9339-FIIJL,Male,0,Yes,No,72,Yes,DSL,Two year,No,Bank transfer (automatic),85.95,6151.9,
2027-FECZV,Male,0,No,No,12,Yes,Fiber optic,Month-to-month,Yes,Electronic check,106.7,1253.9,
2672-DZUOY,Male,0,No,No,1,No,DSL,Month-to-month,Yes,Electronic check,25.15,25.15,
4706-DGAHW,Male,1,No,No,1,Yes,DSL,Month-to-month,No,Electronic check,45.2,45.2,
3870-MQAMG,Female,0,Yes,No,54,Yes,Fiber optic,One year,No,Electronic check,110.35,5893.15,
6670-MFRPK,Male,0,Yes,Yes,69,Yes,Fiber optic,Two year,Yes,Credit card (automatic),79.2,5420.65,
6177-PEVRA,Female,0,No,No,48,Yes,DSL,Two year,No,Credit card (automatic),55.5,2627.35,
4800-CZMPC,Female,0,Yes,Yes,48,Yes,Fiber optic,One year,Yes,Credit card (automatic),103.25,5037.55,
4813-HQMGZ,Female,0,Yes,No,8,Yes,Fiber optic,Month-to-month,Yes,Electronic check,90.25,743.75,
7579-KKLOE,Male,0,Yes,Yes,71,Yes,DSL,Two year,Yes,Mailed check,91.25,6589.6,
7377-DMMRI,Male,0,No,No,2,Yes,DSL,Month-to-month,Yes,Electronic check,47.8,92.45,
8402-EIVQS,Male,0,Yes,No,67,Yes,Fiber optic,One year,Yes,Credit card (automatic),100.9,6733.15,
4947-DSMXK,Male,0,Yes,Yes,34,Yes,Fiber optic,Month-to-month,Yes,Bank transfer (automatic),97.7,3410,
7245-NIIWQ,Female,0,No,No,3,Yes,Fiber optic,Month-to-month,Yes,Electronic check,69.85,199.85,
0002-ORFBO,Female,0,Yes,Yes,9,Yes,DSL,One year,Yes,Mailed check,65.6,593.3,
3324-OIRTO,Male,0,Yes,Yes,71,Yes,Fiber optic,One year,Yes,Bank transfer (automatic),104.65,7288.4,
5414-OFQCB,Male,0,No,No,57,Yes,Fiber optic,Two year,Yes,Credit card (automatic),90.45,5229.8,
4967-WPNCF,Male,0,No,No,72,No,DSL,Two year,Yes,Bank transfer (automatic),63.7,4464.8,
8552-OBVRU,Female,1,Yes,Yes,48,Yes,Fiber optic,Month-to-month,Yes,Electronic check,104.5,5068.05,
8499-BRXTD,Male,0,No,No,18,Yes,No,One year,No,Mailed check,20.1,401.85,
9154-QDGTH,Male,0,Yes,Yes,43,Yes,Fiber optic,One year,Yes,Credit card (automatic),104.3,4451.85,
8197-BFWVU,Female,0,Yes,Yes,72,Yes,DSL,Two year,Yes,Bank transfer (automatic),93.25,6688.95,
2577-GVSIL,Male,0,Yes,Yes,35,Yes,DSL,One year,Yes,Bank transfer (automatic),73.45,2661.1,
9367-OIUXP,Male,0,No,No,4,Yes,No,Month-to-month,No,Mailed check,20.7,73.05,
6770-UAYGJ,Female,0,Yes,Yes,49,Yes,No,Two year,No,Mailed check,25.25,1211.65,
6463-HHXJR,Female,0,Yes,Yes,71,Yes,Fiber optic,Two year,No,Bank transfer (automatic),100.5,7030.65,
7928-VJYAB,Male,0,Yes,Yes,11,Yes,Fiber optic,Month-to-month,No,Electronic check,90.6,1020.2,
1187-WILMM,Male,0,Yes,Yes,63,Yes,DSL,Two year,Yes,Credit card (automatic),89.4,5597.65,
9776-OJUZI,Female,1,No,No,65,Yes,Fiber optic,Month-to-month,Yes,Bank transfer (automatic),95.45,6223.3,
1306-RPWXZ,Female,0,No,Yes,49,Yes,No,Two year,No,Credit card (automatic),20.45,1024.65,
8949-JTMAY,Female,0,No,No,29,Yes,Fiber optic,Month-to-month,Yes,Credit card (automatic),98.6,2933.2,
2774-LVQUS,Female,1,Yes,No,15,Yes,Fiber optic,Month-to-month,Yes,Electronic check,83.05,1258.3,
3097-PYWXL,Female,0,Yes,Yes,4,Yes,No,Month-to-month,Yes,Electronic check,19.95,82.9,
2266-SJNAT,Female,0,Yes,No,72,Yes,Fiber optic,One year,No,Credit card (automatic),109.15,7789.6,
0869-PAPRP,Female,1,Yes,No,26,Yes,Fiber optic,Month-to-month,Yes,Credit card (automatic),85.7,2067,
4238-JSSWH,Female,1,Yes,No,35,Yes,Fiber optic,Month-to-month,No,Bank transfer (automatic),102.05,3452.55,
2972-YDYUW,Female,0,No,No,57,Yes,Fiber optic,One year,No,Electronic check,94.7,5468.95,
1104-FEJAM,Male,0,Yes,Yes,28,Yes,DSL,Month-to-month,No,Electronic check,64.4,1802.15,
2809-ILCYT,Female,0,Yes,No,25,Yes,No,One year,Yes,Mailed check,26.8,733.55,
5499-ECUTN,Female,0,Yes,No,47,Yes,DSL,One year,Yes,Credit card (automatic),66.05,3021.45,
4981-FLTMF,Female,0,Yes,Yes,57,Yes,DSL,Month-to-month,No,Bank transfer (automatic),65.2,3687.85,
9121-PHQSR,Male,1,Yes,No,16,Yes,Fiber optic,Month-to-month,Yes,Credit card (automatic),85.05,1391.15,
3113-IWHLC,Male,0,No,No,5,Yes,DSL,Month-to-month,Yes,Mailed check,55.8,274.35,
3211-ILJTT,Male,0,Yes,No,17,Yes,Fiber optic,Month-to-month,Yes,Bank transfer (automatic),70.4,1214.05,
4612-THJBS,Female,1,No,No,56,Yes,Fiber optic,One year,Yes,Bank transfer (automatic),104.75,5510.65,
4277-BWBML,Male,0,Yes,Yes,72,Yes,No,Two year,No,Bank transfer (automatic),19.95,1322.85,
4094-NSEDU,Female,1,No,No,21,Yes,Fiber optic,Month-to-month,Yes,Electronic check,94.25,1973.75,
0234-TEVTT,Female,0,Yes,Yes,48,No,DSL,One year,No,Credit card (automatic),45,2196.3,
4304-TSPVK,Female,0,Yes,No,68,Yes,Fiber optic,Two year,No,Bank transfer (automatic),114.9,7843.55,
1552-AAGRX,Female,0,No,No,30,Yes,Fiber optic,Month-to-month,No,Bank transfer (automatic),106.4,3211.9,
2637-FKFSY,Female,0,Yes,No,3,Yes,DSL,Month-to-month,Yes,Mailed check,46.1,130.15,
9796-MVYXX,Female,1,No,No,14,No,DSL,Two year,No,Mailed check,39.7,692.35,
7874-ECPQJ,Female,0,No,Yes,4,Yes,No,Month-to-month,Yes,Bank transfer (automatic),20.05,85.5,
0020-INWCK,Female,0,Yes,Yes,71,Yes,Fiber optic,Two year,Yes,Credit card (automatic),95.75,6849.4,
7089-RKVSZ,Male,0,Yes,Yes,8,Yes,No,One year,No,Mailed check,24.4,203.95,
2683-JXWQQ,Male,0,Yes,Yes,61,No,DSL,Month-to-month,No,Bank transfer (automatic),33.6,2117.2,
9548-ZMVTX,Male,0,Yes,Yes,72,Yes,Fiber optic,Two year,No,Bank transfer (automatic),90.45,6565.85,
8739-XNIKG,Female,0,No,No,5,Yes,Fiber optic,Month-to-month,Yes,Electronic check,84,424.75,
9755-JHNMN,Female,0,No,No,49,Yes,DSL,Two year,No,Bank transfer (automatic),67.4,3306.85,
3981-QSVQI,Male,0,No,No,8,Yes,No,Month-to-month,Yes,Bank transfer (automatic),19.7,168.9,
2789-HQBOU,Male,0,No,No,3,Yes,Fiber optic,Month-to-month,Yes,Electronic check,80.35,253.8,
9424-CMPOG,Male,0,Yes,Yes,9,Yes,No,Two year,No,Mailed check,19.6,197.4,
5067-WJEUN,Male,0,Yes,Yes,67,Yes,DSL,Two year,Yes,Bank transfer (automatic),54.2,3838.2,
3450-WXOAT,Male,0,No,No,46,Yes,DSL,Month-to-month,Yes,Credit card (automatic),45.2,2065.15,
9251-WNSOD,Female,0,Yes,No,67,Yes,DSL,One year,No,Mailed check,75.1,5064.45,
6974-DAFLI,Female,0,Yes,No,55,Yes,No,One year,No,Electronic check,19.7,1140.05,
2616-UUTFK,Male,0,Yes,No,33,Yes,DSL,Month-to-month,Yes,Bank transfer (automatic),72.75,2447.45,
7064-JHXCE,Male,0,Yes,Yes,62,Yes,No,Two year,No,Credit card (automatic),20.05,1263.9,
5103-MHMHY,Female,0,No,Yes,1,Yes,DSL,Month-to-month,No,Mailed check,45.95,45.95,
7989-AWGEH,Male,0,Yes,Yes,49,No,DSL,Month-to-month,Yes,Electronic check,39.2,1838.15,
4373-VVHQL,Male,0,No,No,1,Yes,DSL,Month-to-month,Yes,Electronic check,44.75,44.75,
4559-UWIHT,Male,0,Yes,No,14,Yes,Fiber optic,Month-to-month,Yes,Electronic check,82.65,1185,
7268-IGMFD,Male,1,No,No,18,Yes,Fiber optic,Month-to-month,No,Bank transfer (automatic),93.9,1743.9,
1846-XWOQN,Female,1,No,No,1,Yes,Fiber optic,Month-to-month,Yes,Electronic check,70.15,70.15,
0235-KGSLC,Female,0,No,No,1,Yes,Fiber optic,Month-to-month,Yes,Credit card (automatic),85.55,85.55,
6650-BWFRT,Female,0,Yes,No,72,Yes,Fiber optic,Two year,Yes,Credit card (automatic),117.15,8529.5,
9570-KYEUA,Male,0,No,No,64,Yes,Fiber optic,Two year,No,Credit card (automatic),99.25,6549.45,
6993-YGFJV,Male,0,Yes,No,69,Yes,Fiber optic,Two year,Yes,Bank transfer (automatic),112.55,7806.5,
2712-SYWAY,Female,0,No,No,1,Yes,No,Month-to-month,Yes,Electronic check,25.7,25.7,
0730-BGQGF,Male,0,Yes,Yes,71,Yes,DSL,Two year,No,Credit card (automatic),90.3,6287.3,
5498-IBWPI,Female,0,Yes,Yes,66,Yes,DSL,One year,Yes,Credit card (automatic),49.4,3251.85,
9101-NTIXF,Male,0,No,No,2,Yes,No,Month-to-month,No,Mailed check,19.4,50.6,
0013-SMEOE,Female,1,Yes,No,71,Yes,Fiber optic,Two year,Yes,Bank transfer (automatic),109.7,7904.25,
9314-QDMDW,Male,0,No,No,11,Yes,DSL,One year,Yes,Electronic check,61.25,729.95,
9308-ANMVE,Male,0,No,Yes,47,Yes,DSL,Month-to-month,Yes,Electronic check,55.3,2654.05,
2884-GBPFB,Female,0,Yes,No,35,Yes,Fiber optic,Month-to-month,Yes,Electronic check,70.3,2416.55,
3757-NJYBX,Male,1,Yes,No,32,Yes,Fiber optic,Month-to-month,No,Bank transfer (automatic),106.35,3520.75,
3413-DHLPB,Male,0,Yes,Yes,60,Yes,Fiber optic,Month-to-month,Yes,Bank transfer (automatic),103.75,5969.95,
7649-PHJVR,Male,0,No,No,11,Yes,No,One year,No,Mailed check,19.5,226.8,
6114-TCFID,Female,0,No,No,29,No,DSL,One year,No,Credit card (automatic),39.5,1082.75,
3787-TRIAL,Male,0,Yes,Yes,21,No,DSL,Month-to-month,Yes,Electronic check,26.05,565.75,
2573-GYRUU,Male,1,Yes,No,48,Yes,Fiber optic,Month-to-month,Yes,Credit card (automatic),91.05,4370.75,
5156-UMKOW,Female,0,No,Yes,3,No,DSL,Month-to-month,No,Mailed check,29.65,90.05,
1247-QBVSH,Female,0,Yes,Yes,43,Yes,DSL,Month-to-month,No,Mailed check,50.2,2169.4,
6734-GMPVK,Male,0,No,No,5,Yes,Fiber optic,Month-to-month,No,Electronic check,105.3,550.6,
9822-OAOVB,Female,0,No,No,1,Yes,DSL,Month-to-month,Yes,Electronic check,55.45,55.45,
6161-ERDGD,Male,0,Yes,Yes,71,Yes,DSL,One year,No,Electronic check,85.45,6300.85,
1226-JZNKR,Female,0,Yes,Yes,8,Yes,No,One year,No,Electronic check,19.8,160.05,
7318-EIVKO,Male,0,No,No,8,Yes,DSL,Month-to-month,Yes,Electronic check,59.25,436.6,
3771-PZOBW,Male,0,No,No,20,Yes,Fiber optic,Month-to-month,Yes,Credit card (automatic),90.7,1781.35,
5136-KCKGI,Female,0,Yes,Yes,33,Yes,Fiber optic,One year,Yes,Mailed check,103.7,3467,
8231-BSWXX,Male,0,No,No,71,Yes,Fiber optic,One year,Yes,Credit card (automatic),79.05,5552.5,
6486-LHTMA,Female,1,Yes,No,31,Yes,Fiber optic,One year,Yes,Electronic check,90.7,2835.5,
4083-BFNYK,Female,1,Yes,No,38,Yes,Fiber optic,One year,No,Credit card (automatic),95,3591.25,
3722-WPXTK,Male,0,No,No,1,Yes,Fiber optic,Month-to-month,Yes,Electronic check,88.35,88.35,
7389-KBFIT,Female,0,Yes,Yes,2,No,DSL,Month-to-month,Yes,Mailed check,30.25,63.75,
7176-WIONM,Female,0,Yes,No,12,No,DSL,Month-to-month,Yes,Bank transfer (automatic),49.85,617.15,
5141-ZUVBH,Female,0,No,Yes,9,Yes,Fiber optic,Month-to-month,No,Bank transfer (automatic),93,870.25,
1089-HDMKP,Male,1,No,Yes,11,Yes,DSL,Month-to-month,Yes,Electronic check,54.55,601.25,
7623-HKYRK,Male,0,No,Yes,6,Yes,No,Month-to-month,No,Mailed check,19.7,111.65,
0310-SUCIN,Female,0,Yes,No,71,Yes,DSL,One year,Yes,Bank transfer (automatic),84.8,6046.1,
5197-PYEPU,Female,0,Yes,Yes,42,Yes,Fiber optic,One year,Yes,Credit card (automatic),94.45,3923.8,
2929-ERCFZ,Female,0,Yes,Yes,8,Yes,Fiber optic,Month-to-month,Yes,Electronic check,94.2,777.3,
7548-SEPYI,Female,0,No,No,5,Yes,Fiber optic,Month-to-month,Yes,Electronic check,96.25,512.45,
8835-VSDSE,Female,0,Yes,No,2,Yes,Fiber optic,Month-to-month,Yes,Electronic check,70.7,141.45,
6619-RPLQZ,Female,0,Yes,Yes,45,Yes,No,Two year,No,Mailed check,20.85,892.15,
3275-RHRNE,Male,0,Yes,Yes,28,No,DSL,One year,Yes,Credit card (automatic),60,1682.05,
3503-TYDAY,Female,0,Yes,No,43,Yes,Fiber optic,Month-to-month,No,Electronic check,80.45,3398.9,
6901-GOGZG,Male,0,No,Yes,60,Yes,DSL,Two year,Yes,Electronic check,84.95,4984.85,
1623-NLDOT,Female,0,Yes,No,42,No,DSL,One year,No,Mailed check,33.55,1445.3,
7021-XSNYE,Male,0,Yes,Yes,7,No,DSL,Two year,No,Credit card (automatic),49.65,305.55,
9621-OUPYD,Female,0,Yes,No,25,Yes,No,One year,Yes,Bank transfer (automatic),20.2,507.9,
9898-KZQDZ,Female,1,Yes,Yes,40,Yes,Fiber optic,Month-to-month,Yes,Credit card (automatic),94.55,3640.45,
8982-NHAVY,Male,0,No,No,27,Yes,Fiber optic,One year,Yes,Bank transfer (automatic),100.5,2673.45,
4307-KWMXE,Male,0,No,No,10,No,DSL,Month-to-month,No,Electronic check,35.75,389.8,
0141-YEAYS,Female,1,No,No,27,Yes,Fiber optic,Month-to-month,Yes,Bank transfer (automatic),86.45,2401.05,
2450-ZKEED,Female,0,No,No,11,Yes,DSL,One year,No,Bank transfer (automatic),53.8,651.55,
3694-DELSO,Male,0,Yes,Yes,4,No,DSL,Month-to-month,No,Credit card (automatic),38.55,156.1,
3893-JRNFS,Male,0,No,No,68,No,DSL,Month-to-month,Yes,Bank transfer (automatic),39.9,2796.35,
9603-OAIHC,Male,1,No,No,1,Yes,Fiber optic,Month-to-month,Yes,Electronic check,70.05,70.05,
1133-KXCGE,Female,0,No,No,18,Yes,No,One year,No,Mailed check,20.1,407.05,
5236-PERKL,Female,0,No,No,57,Yes,Fiber optic,Two year,Yes,Bank transfer (automatic),112.95,6465,
0142-GVYSN,Male,0,No,No,26,Yes,No,Month-to-month,Yes,Electronic check,20.3,511.25,
1049-FYSYG,Female,0,Yes,No,17,No,DSL,Month-to-month,Yes,Credit card (automatic),35.65,646.05,
7854-FOKSF,Male,0,No,No,1,No,DSL,Month-to-month,No,Electronic check,35.9,35.9,
2519-FAKOD,Male,0,No,Yes,38,Yes,Fiber optic,Month-to-month,Yes,Bank transfer (automatic),99.25,3777.15,
8406-LNMHF,Male,1,Yes,No,59,Yes,Fiber optic,One year,Yes,Credit card (automatic),82.95,4903.15,
1821-BUCWY,Male,0,No,No,30,Yes,DSL,Two year,Yes,Mailed check,55.65,1653.85,
8263-JQAIK,Male,1,No,No,2,No,DSL,Month-to-month,Yes,Mailed check,24.45,47.5,
0023-UYUPN,Female,1,Yes,No,50,Yes,No,One year,No,Electronic check,25.2,1306.3,
8314-DPQHL,Male,0,No,No,9,No,DSL,One year,No,Mailed check,50.8,463.6,
1465-WCZVT,Female,0,Yes,Yes,3,Yes,No,Month-to-month,No,Mailed check,19.65,60.65,
9481-SFCQY,Female,0,No,Yes,14,Yes,DSL,Month-to-month,Yes,Credit card (automatic),59.8,824.85,
6360-SVNWV,Female,1,No,No,31,Yes,Fiber optic,Month-to-month,Yes,Credit card (automatic),73.55,2094.65,
0567-GGCAC,Female,0,No,No,7,Yes,DSL,Month-to-month,No,Electronic check,61.4,438.9,
7089-IVVAZ,Female,0,No,No,8,Yes,Fiber optic,Month-to-month,Yes,Bank transfer (automatic),103.35,847.3,
8884-MRNSU,Male,0,Yes,Yes,17,Yes,No,One year,No,Bank transfer (automatic),19.9,329.75,
2171-UDMFD,Male,0,Yes,Yes,32,Yes,No,Month-to-month,Yes,Credit card (automatic),19.45,674.55,
9050-IKDZA,Female,1,No,No,2,Yes,Fiber optic,Month-to-month,No,Mailed check,81.5,162.55,
2205-YMZZJ,Male,1,No,No,7,Yes,Fiber optic,Month-to-month,Yes,Electronic check,84.8,546.95,
9802-CAQUT,Female,0,Yes,Yes,72,Yes,Fiber optic,Two year,No,Credit card (automatic),109.55,7887.25,
1254-IZEYF,Female,1,No,No,31,Yes,Fiber optic,Month-to-month,Yes,Electronic check,99.95,3186.65,
0187-WZNAB,Female,0,Yes,Yes,27,Yes,Fiber optic,Month-to-month,No,Mailed check,74.4,1972.35,
9492-TOKRI,Female,0,No,No,18,Yes,Fiber optic,Month-to-month,Yes,Credit card (automatic),90,1527.35,
1475-VWVDO,Male,0,No,No,7,Yes,Fiber optic,Month-to-month,Yes,Electronic check,74.9,490.55,
9221-OTIVJ,Female,1,No,No,14,Yes,Fiber optic,Month-to-month,Yes,Electronic check,104.85,1531.4,
1357-MVDOZ,Male,0,Yes,Yes,11,Yes,DSL,Month-to-month,Yes,Bank transfer (automatic),59.65,683.25,
7602-MVRMB,Female,0,Yes,Yes,72,Yes,Fiber optic,Two year,Yes,Bank transfer (automatic),110.45,8058.85,
3325-FUYCG,Male,0,Yes,Yes,28,Yes,Fiber optic,One year,No,Electronic check,106.1,2847.4,
5908-QMGOE,Male,1,No,No,15,Yes,Fiber optic,Month-to-month,Yes,Credit card (automatic),74.2,1133.9,
1197-BVMVG,Female,1,No,No,4,Yes,Fiber optic,Month-to-month,Yes,Electronic check,74.45,294.45,
5406-KGRMX,Female,0,No,No,71,Yes,No,Two year,No,Electronic check,24.55,1719.15,
8481-YYXWG,Female,0,No,No,5,Yes,Fiber optic,Month-to-month,Yes,Electronic check,89.35,461.7,
5968-HYJRZ,Male,0,Yes,Yes,47,Yes,No,Two year,No,Mailed check,24.55,1160.45,
5198-EFNBM,Male,1,Yes,No,57,Yes,Fiber optic,One year,Yes,Electronic check,90.65,5199.8,
7516-GMHUV,Male,1,Yes,No,50,Yes,Fiber optic,Two year,Yes,Credit card (automatic),105.05,5163.3,
7140-ADSMJ,Male,0,No,No,8,Yes,No,Month-to-month,Yes,Credit card (automatic),20.45,162.3,
2230-XTUWL,Female,0,Yes,Yes,48,Yes,No,Two year,No,Mailed check,19.55,883.35,
7706-YLMQA,Female,0,No,No,70,Yes,No,One year,No,Bank transfer (automatic),19.7,1341.5,
2585-KTFRE,Male,0,No,Yes,1,Yes,DSL,Month-to-month,Yes,Bank transfer (automatic),70.45,70.45,
7994-UYIVZ,Male,0,Yes,No,8,Yes,Fiber optic,Month-to-month,Yes,Bank transfer (automatic),85.65,659.45,
2609-IAICY,Female,0,No,No,1,Yes,Fiber optic,Month-to-month,Yes,Electronic check,77.15,77.15,
1740-CSDJP,Male,0,No,No,1,No,DSL,Month-to-month,Yes,Bank transfer (automatic),35.25,35.25,
7717-BICXI,Male,0,Yes,Yes,60,Yes,No,Two year,No,Mailed check,20.55,1205.05,
6559-RAKOZ,Male,0,Yes,Yes,49,Yes,Fiber optic,One year,Yes,Electronic check,97.95,4917.9,
2636-OHFMN,Male,0,Yes,No,4,No,DSL,Month-to-month,Yes,Electronic check,48.55,201,
4716-MRVEN,Female,0,No,No,29,Yes,No,One year,No,Mailed check,20,599.3,
2143-LJULT,Female,0,Yes,No,67,Yes,No,Two year,Yes,Credit card (automatic),25.25,1733.15,
1323-OOEPC,Female,0,Yes,No,53,Yes,Fiber optic,Month-to-month,Yes,Credit card (automatic),98.4,5149.5,
3200-MNQTF,Male,0,Yes,No,67,Yes,DSL,Two year,No,Credit card (automatic),70.9,4677.1,
6164-HXUGH,Female,0,Yes,Yes,6,Yes,No,Month-to-month,No,Mailed check,19.85,119.3,
5630-IXDXV,Female,0,No,No,47,Yes,Fiber optic,Month-to-month,Yes,Electronic check,106.35,4849.1,
0320-DWVTU,Female,0,No,No,53,Yes,Fiber optic,Two year,No,Mailed check,99.5,5424.25,
9135-MGVPY,Male,0,Yes,No,69,Yes,DSL,Two year,Yes,Mailed check,84.7,5878.9,
1212-GLHMD,Male,0,No,No,3,Yes,Fiber optic,Month-to-month,Yes,Mailed check,86.05,244.85,
7878-JGDKK,Male,0,No,No,4,Yes,DSL,Month-to-month,No,Mailed check,44.55,220.75,
1088-AUUZZ,Male,0,Yes,Yes,56,Yes,DSL,Two year,Yes,Credit card (automatic),75.85,4261.2,
0397-GZBBC,Male,1,Yes,No,59,Yes,Fiber optic,Month-to-month,Yes,Bank transfer (automatic),93.85,5574.75,
6614-YWYSC,Male,1,Yes,No,61,Yes,No,Two year,No,Bank transfer (automatic),25,1501.75,
9588-OZDMQ,Female,0,Yes,No,2,Yes,DSL,Month-to-month,Yes,Electronic check,45,89.75,
7641-EUYET,Male,1,Yes,Yes,46,Yes,Fiber optic,Month-to-month,Yes,Electronic check,100.7,4541.2,
6476-EPYZR,Male,0,Yes,Yes,12,Yes,No,Month-to-month,No,Mailed check,20.5,255.5,
9921-ZVRHG,Female,0,No,No,14,Yes,Fiber optic,Month-to-month,Yes,Electronic check,80.45,1072,
1174-FGIFN,Female,0,Yes,Yes,28,Yes,Fiber optic,One year,Yes,Electronic check,90.45,2509.25,
6620-HVDUJ,Male,0,No,No,24,Yes,DSL,Month-to-month,No,Bank transfer (automatic),60.45,1440.75,
4701-MLJPN,Male,0,No,No,31,Yes,DSL,Month-to-month,Yes,Electronic check,55.25,1715.65,
1032-MAELW,Female,0,Yes,Yes,68,Yes,DSL,One year,Yes,Electronic check,78.45,5333.35,
7641-TQFHN,Male,0,No,Yes,39,Yes,Fiber optic,Two year,No,Mailed check,100.55,3895.35,
1552-TKMXS,Female,0,Yes,No,42,Yes,No,Month-to-month,No,Credit card (automatic),20.35,869.9,
9206-GVPEQ,Male,0,Yes,No,13,No,DSL,Month-to-month,Yes,Electronic check,54.45,706.85,
8622-ZLFKO,Female,0,Yes,No,6,Yes,Fiber optic,Month-to-month,Yes,Electronic check,90.75,512.25,
1596-BBVTG,Male,0,No,No,35,Yes,Fiber optic,Month-to-month,No,Credit card (automatic),75.35,2636.05,
6188-UXBBR,Female,0,Yes,No,38,Yes,No,One year,Yes,Credit card (automatic),20.25,814.75,
2333-KWEWW,Male,0,No,No,18,Yes,No,Two year,No,Credit card (automatic),20.05,388.6,
5702-SKUOB,Female,0,Yes,No,4,Yes,No,Month-to-month,No,Mailed check,19.6,93.45,
1134-YWTYF,Male,0,Yes,No,27,Yes,DSL,Month-to-month,Yes,Electronic check,53.8,1389.85,
6061-GWWAV,Male,0,No,Yes,41,Yes,DSL,One year,No,Mailed check,70.2,2894.55,
0679-TDGAK,Male,0,Yes,Yes,50,Yes,DSL,One year,No,Electronic check,75.5,4025.6,
6585-WCEWR,Male,0,Yes,Yes,72,Yes,No,Two year,No,Electronic check,20.35,1354.4,
9067-YGSCA,Female,0,No,No,70,Yes,No,One year,No,Credit card (automatic),26.05,1856.4,
9067-SQTNS,Male,0,Yes,Yes,44,Yes,No,One year,No,Bank transfer (automatic),20.6,926,
8433-WXGNA,Male,0,No,No,2,Yes,Fiber optic,Month-to-month,Yes,Electronic check,75.7,189.2,
1776-SPBWV,Female,0,Yes,Yes,34,Yes,No,One year,Yes,Bank transfer (automatic),20.1,682.1,
8735-SDUFN,Female,1,Yes,No,72,Yes,No,Two year,No,Bank transfer (automatic),24.3,1778.7,
9668-PUGNU,Male,0,Yes,No,71,Yes,No,Two year,Yes,Electronic check,24.5,1816.2,
9405-GPBBG,Female,0,No,No,64,Yes,Fiber optic,Two year,Yes,Credit card (automatic),110.5,7069.25,
1926-QUZNN,Female,0,Yes,No,72,Yes,No,Two year,Yes,Bank transfer (automatic),25.25,1841.2,
3707-GNWHM,Male,0,No,No,1,Yes,Fiber optic,Month-to-month,Yes,Mailed check,74.25,74.25,
7016-NVRIC,Male,1,Yes,No,29,Yes,Fiber optic,One year,No,Bank transfer (automatic),90.1,2656.7,
5829-NVSQN,Female,0,Yes,No,23,Yes,DSL,One year,Yes,Bank transfer (automatic),68.75,1689.45,
9565-AXSMR,Male,0,Yes,Yes,52,Yes,No,Two year,No,Mailed check,19.2,1054.75,
8922-LIEGH,Female,1,No,No,25,Yes,Fiber optic,Month-to-month,Yes,Electronic check,89.7,2187.55,
8869-LIHMK,Female,0,No,No,64,Yes,Fiber optic,Two year,Yes,Bank transfer (automatic),115.1,7334.05,
8245-UMPYT,Female,1,No,No,16,Yes,Fiber optic,Month-to-month,Yes,Electronic check,96.4,1581.2,
5186-SAMNZ,Male,1,No,No,1,Yes,Fiber optic,Month-to-month,Yes,Bank transfer (automatic),69.5,69.5,
0447-RXSGD,Male,0,No,No,24,Yes,Fiber optic,Month-to-month,Yes,Bank transfer (automatic),99.65,2404.85,
4927-WWOOZ,Male,0,Yes,No,2,Yes,Fiber optic,Month-to-month,Yes,Electronic check,91.45,171.45,
5788-YPOEG,Female,0,Yes,Yes,34,Yes,DSL,Two year,No,Mailed check,84.75,2839.45,
5373-SFODM,Male,1,Yes,No,36,Yes,Fiber optic,Month-to-month,Yes,Credit card (automatic),85.25,3132.75,
0661-KBKPA,Male,0,Yes,Yes,53,Yes,DSL,One year,Yes,Mailed check,78.75,3942.45,
9081-WWXKP,Female,0,Yes,Yes,47,Yes,No,Two year,No,Credit card (automatic),20.25,873.4,
0784-ZQJZX,Male,0,No,Yes,72,Yes,No,Two year,No,Credit card (automatic),19.9,1529.65,
3133-PZNSR,Male,0,Yes,Yes,72,Yes,Fiber optic,Two year,Yes,Credit card (automatic),97.75,6991.6,
5766-ZJYBB,Male,0,No,No,1,Yes,No,Month-to-month,No,Mailed check,19.4,19.4,
8931-GJJIQ,Female,0,No,No,9,Yes,Fiber optic,Month-to-month,Yes,Electronic check,83.3,803.3,
4277-PVRAN,Female,0,No,No,8,Yes,Fiber optic,Month-to-month,Yes,Bank transfer (automatic),80.1,679.3,
0022-TCJCI,Male,1,No,No,45,Yes,DSL,One year,No,Credit card (automatic),62.7,2791.5,
0722-SVSFK,Female,0,No,No,7,Yes,Fiber optic,Month-to-month,Yes,Electronic check,100.4,715,
3612-YVGSJ,Female,0,Yes,No,71,Yes,No,Two year,Yes,Credit card (automatic),24.45,1681.6,
9825-YCXWZ,Female,1,No,No,41,Yes,Fiber optic,One year,Yes,Bank transfer (automatic),101.1,4016.2,
5397-NSKQG,Male,0,Yes,Yes,67,No,DSL,Two year,No,Credit card (automatic),50.9,3281.65,
8565-HBFNN,Male,0,Yes,No,69,Yes,Fiber optic,One year,Yes,Credit card (automatic),107.2,7317.1,
2000-DHJUY,Female,1,Yes,No,70,Yes,DSL,Two year,Yes,Bank transfer (automatic),92.2,6474.45,
0203-HHYIJ,Male,0,No,No,25,Yes,No,One year,No,Bank transfer (automatic),25.3,676.35,
8670-ERCJH,Male,0,No,No,72,Yes,Fiber optic,Two year,No,Bank transfer (automatic),113.4,8164.1,
7758-UJWYS,Male,0,Yes,Yes,34,No,DSL,Two year,Yes,Electronic check,40.55,1325.85,
2050-ONYDQ,Female,0,Yes,Yes,65,Yes,No,Two year,No,Credit card (automatic),26,1654.85,
7055-JCGNI,Female,0,No,No,70,Yes,Fiber optic,Two year,Yes,Credit card (automatic),111.95,7795.95,
0739-UUAJR,Female,0,Yes,Yes,72,No,DSL,Two year,Yes,Credit card (automatic),53.8,3952.45,
4826-DXMUP,Male,0,No,Yes,35,Yes,DSL,One year,Yes,Mailed check,72.1,2495.15,
0952-KMEEH,Male,0,No,No,13,Yes,Fiber optic,Month-to-month,No,Mailed check,98.15,1230.25,
7285-KLOTR,Female,0,Yes,No,12,Yes,DSL,One year,No,Electronic check,78.85,876.75,
0654-PQKDW,Female,0,Yes,Yes,62,Yes,DSL,One year,Yes,Bank transfer (automatic),70.75,4263.45,
7175-NTIXE,Female,0,No,No,25,Yes,DSL,Month-to-month,Yes,Credit card (automatic),76.15,1992.95,
7963-SHNDT,Female,0,No,No,52,No,DSL,Two year,No,Mailed check,39.1,1982.1,
9796-BPKIW,Male,1,No,No,8,Yes,Fiber optic,Month-to-month,Yes,Credit card (automatic),69.95,562.7,
0188-GWFLE,Male,0,No,No,2,Yes,No,Month-to-month,No,Mailed check,20.05,33.7,
8129-GMVGI,Female,0,Yes,Yes,56,Yes,No,Two year,No,Mailed check,20.05,1090.1,
2882-DDZPG,Female,0,No,No,12,Yes,No,Month-to-month,No,Bank transfer (automatic),19.45,227.45,
3547-LQRIK,Female,0,Yes,No,47,Yes,No,One year,No,Electronic check,26.9,1250.85,
9137-NOQKA,Male,1,No,No,2,Yes,No,Month-to-month,No,Electronic check,19.2,37.2,
5843-TTHGI,Female,0,No,No,18,Yes,DSL,Month-to-month,Yes,Mailed check,50,892.7,
1849-RJYIG,Female,0,No,No,8,Yes,DSL,Month-to-month,Yes,Electronic check,60,487.75,
8868-GAGIO,Male,0,Yes,No,45,Yes,Fiber optic,Month-to-month,Yes,Mailed check,84.55,3713.95,
4061-UKJWL,Male,0,No,No,3,Yes,DSL,Month-to-month,No,Mailed check,45.45,141.7,
5380-XPJNZ,Female,0,No,No,38,Yes,No,One year,No,Mailed check,20.05,678.2,
8263-QMNTJ,Male,0,Yes,No,72,Yes,Fiber optic,Two year,Yes,Electronic check,115.55,8425.3,
8178-EYZUO,Male,0,No,No,46,Yes,Fiber optic,Month-to-month,Yes,Electronic check,93.7,4154.8,
3230-JCNZS,Female,0,Yes,Yes,71,Yes,Fiber optic,Two year,Yes,Credit card (automatic),99,7061.65,
0277-ORXQS,Male,0,Yes,Yes,66,No,DSL,Two year,No,Bank transfer (automatic),50.55,3364.55,
5130-IEKQT,Male,1,No,No,25,Yes,Fiber optic,Month-to-month,No,Mailed check,105.95,2655.25,
3230-WYKIR,Male,0,No,No,18,Yes,DSL,One year,Yes,Credit card (automatic),82,1425.45,
7996-BPXHY,Female,0,Yes,Yes,13,Yes,No,Two year,Yes,Bank transfer (automatic),25,332.5,
3227-WLKLI,Female,0,Yes,Yes,65,Yes,DSL,Two year,No,Bank transfer (automatic),91.55,5963.95,
0407-BDJKB,Male,0,Yes,No,60,Yes,Fiber optic,Month-to-month,Yes,Electronic check,95.75,5742.9,
2266-FUBDZ,Male,0,Yes,Yes,15,Yes,No,Two year,No,Mailed check,19.35,278.85,
8237-ULIXL,Female,0,Yes,No,72,Yes,No,Two year,No,Credit card (automatic),24.85,1871.85,
9600-UDOPK,Male,0,Yes,No,30,Yes,Fiber optic,Month-to-month,Yes,Credit card (automatic),94.05,2866.45,
8216-AZUUZ,Female,0,Yes,Yes,42,Yes,Fiber optic,Two year,Yes,Electronic check,100.4,4303.65,
9153-BTBVV,Female,0,Yes,No,71,Yes,No,Two year,No,Bank transfer (automatic),25,1753,
4074-SJFFA,Female,0,No,No,1,Yes,DSL,Month-to-month,Yes,Mailed check,54.75,54.75,
3269-ATYWD,Male,1,No,No,39,Yes,Fiber optic,Month-to-month,Yes,Bank transfer (automatic),95.65,3759.05,
5186-PEIZU,Female,0,No,No,35,Yes,No,Month-to-month,No,Bank transfer (automatic),19.25,617.65,
1074-AMIOH,Female,0,Yes,Yes,53,Yes,Fiber optic,Month-to-month,Yes,Bank transfer (automatic),108.25,5935.1,
4910-GMJOT,Female,0,No,No,1,Yes,Fiber optic,Month-to-month,Yes,Electronic check,94.6,94.6,
0354-WYROK,Female,1,Yes,Yes,31,Yes,Fiber optic,Month-to-month,Yes,Electronic check,98.9,2911.3,
4361-FEBGN,Male,0,No,No,48,Yes,No,Two year,No,Credit card (automatic),20.15,982.95,
7748-UMTRK,Female,1,No,Yes,30,Yes,Fiber optic,Month-to-month,Yes,Electronic check,101.3,2974.5,
0380-ZCSBI,Male,0,No,No,10,Yes,No,Month-to-month,No,Credit card (automatic),20,198.7,
7145-FEJWU,Female,0,No,Yes,12,Yes,Fiber optic,Month-to-month,Yes,Electronic check,105.3,1275.65,
6463-MVYRY,Female,1,No,No,57,Yes,DSL,Two year,No,Bank transfer (automatic),69.85,4003,
3969-JQABI,Female,0,Yes,No,58,Yes,DSL,Month-to-month,Yes,Credit card (automatic),65.25,3791.6,
9624-EGDEQ,Female,0,No,No,37,Yes,No,Two year,No,Mailed check,19.8,813.3,
1051-EQPZR,Female,0,Yes,Yes,44,Yes,No,Month-to-month,No,Mailed check,19.6,780.25,
5849-ASHZJ,Male,0,No,Yes,27,Yes,No,One year,No,Credit card (automatic),20.05,552.9,
5780-INQIK,Female,0,No,No,8,Yes,DSL,Month-to-month,No,Electronic check,49.4,408.25,
7576-OYWBN,Male,1,No,No,3,Yes,Fiber optic,Month-to-month,Yes,Electronic check,76.05,231.8,
4526-ZJJTM,Female,1,Yes,No,25,Yes,Fiber optic,Month-to-month,No,Bank transfer (automatic),88.4,2191.15,
8384-FZBJK,Female,0,Yes,Yes,57,Yes,Fiber optic,Month-to-month,Yes,Electronic check,100.6,5611.7,
3750-RNQKR,Female,0,No,No,12,Yes,No,Month-to-month,No,Mailed check,19.45,246.25,
0962-CQPWQ,Female,0,Yes,Yes,62,Yes,No,Two year,No,Bank transfer (automatic),20.3,1296.15,
3096-YXENJ,Female,0,Yes,No,65,Yes,Fiber optic,Two year,Yes,Bank transfer (automatic),107.65,7082.85,
1265-BCFEO,Female,0,Yes,No,71,Yes,DSL,Two year,Yes,Bank transfer (automatic),80.45,5662.25,
5837-LXSDN,Female,0,Yes,Yes,21,Yes,DSL,One year,Yes,Credit card (automatic),58.85,1215.45,
5945-AZYHT,Male,0,Yes,No,71,Yes,Fiber optic,One year,Yes,Electronic check,109.6,7854.15,
8325-QRPZR,Female,0,No,No,7,Yes,Fiber optic,Month-to-month,Yes,Electronic check,75.15,525,
6384-VMJHP,Female,0,No,No,72,Yes,DSL,Two year,Yes,Credit card (automatic),73,5265.2,
2262-SLNVK,Female,0,No,No,1,Yes,Fiber optic,Month-to-month,No,Electronic check,70.1,70.1,
7730-CLDSV,Female,0,Yes,Yes,72,Yes,Fiber optic,Two year,Yes,Bank transfer (automatic),98.65,7129.45,
1135-HIORI,Female,0,Yes,Yes,64,Yes,Fiber optic,One year,Yes,Electronic check,111.45,7266.95,
0164-APGRB,Female,0,No,No,72,Yes,Fiber optic,Two year,Yes,Electronic check,114.9,8496.7,
6481-ESCNL,Female,0,No,No,29,Yes,Fiber optic,Month-to-month,No,Bank transfer (automatic),100.55,2878.75,
1790-NESIO,Female,0,No,No,13,Yes,No,Two year,Yes,Mailed check,20.4,261.3,
1550-EENBN,Female,0,No,No,31,Yes,Fiber optic,Month-to-month,No,Electronic check,104.35,3205.6,
5539-TMZLF,Male,1,No,No,1,Yes,Fiber optic,Month-to-month,Yes,Electronic check,69.75,69.75,
4323-SADQS,Male,0,Yes,Yes,7,No,DSL,Month-to-month,Yes,Electronic check,34.5,279.25,
4446-BZKHU,Male,0,Yes,No,61,Yes,Fiber optic,Month-to-month,Yes,Electronic check,105.55,6281.45,
5202-IVJNU,Female,0,No,Yes,39,No,DSL,Month-to-month,No,Credit card (automatic),30.1,1131.3,
5976-JCJRH,Male,0,Yes,No,10,Yes,Fiber optic,Month-to-month,Yes,Electronic check,70.3,738.2,
8198-RKSZG,Female,0,Yes,Yes,14,Yes,DSL,Month-to-month,No,Credit card (automatic),80.45,1137.05,
0137-OCGAB,Female,0,No,No,1,Yes,Fiber optic,Month-to-month,Yes,Mailed check,80.2,80.2,
3351-NQLDI,Female,0,Yes,Yes,67,Yes,Fiber optic,One year,Yes,Credit card (automatic),94.35,6341.45,
9297-EONCV,Female,0,No,No,72,Yes,DSL,Two year,Yes,Bank transfer (automatic),91.35,6697.2,
7593-JNWRU,Male,0,Yes,Yes,6,Yes,DSL,Month-to-month,Yes,Bank transfer (automatic),44.6,260.8,
4588-YBNIB,Female,0,No,No,1,Yes,No,Month-to-month,Yes,Mailed check,19.6,19.6,
1069-QJOEE,Male,0,Yes,Yes,25,Yes,No,One year,No,Electronic check,19.9,505.45,
3336-JORSO,Female,1,No,No,33,Yes,Fiber optic,Month-to-month,Yes,Electronic check,110.45,3655.45,
7799-DSEWS,Male,0,No,No,18,Yes,DSL,Month-to-month,Yes,Electronic check,68.35,1299.8,
8766-PAFNE,Male,0,Yes,No,71,Yes,DSL,Two year,Yes,Credit card (automatic),79.1,5564.85,
5315-CKEQK,Male,1,Yes,Yes,28,Yes,DSL,One year,Yes,Electronic check,51,1381.8,
3130-ICDUP,Female,0,No,Yes,2,Yes,Fiber optic,Month-to-month,No,Credit card (automatic),80.55,188.1,
0820-FNRNX,Male,0,Yes,Yes,17,Yes,DSL,Month-to-month,Yes,Mailed check,66.7,1077.05,
0880-FVFWF,Male,0,No,No,56,Yes,Fiber optic,Month-to-month,Yes,Electronic check,86.4,4922.4,
4611-ANLQC,Female,0,Yes,No,60,No,DSL,One year,No,Electronic check,50.05,2911.5,
4213-HKBJO,Female,0,No,No,33,Yes,No,Two year,No,Credit card (automatic),25.7,826.1,
2792-LSHWX,Female,0,No,No,1,Yes,Fiber optic,Month-to-month,Yes,Mailed check,83.4,83.4,
5028-GZLDO,Male,0,No,No,2,Yes,Fiber optic,Month-to-month,No,Credit card (automatic),70.7,140.7,
0014-BMAQU,Male,0,Yes,No,63,Yes,Fiber optic,Two year,Yes,Credit card (automatic),84.65,5377.8,
6861-XWTWQ,Male,1,Yes,No,7,Yes,Fiber optic,Month-to-month,Yes,Electronic check,99.25,665.45,
9018-PCIOK,Female,0,No,No,55,Yes,DSL,Two year,Yes,Mailed check,64.75,3617.1,
4837-QUSFT,Female,0,Yes,No,65,Yes,Fiber optic,One year,Yes,Bank transfer (automatic),100.15,6643.5,
6877-TJMBR,Male,0,Yes,No,1,Yes,Fiber optic,Month-to-month,Yes,Electronic check,84.8,84.8,
9953-ZMKSM,Male,0,No,No,63,Yes,No,Two year,No,Mailed check,25.25,1559.3,
0907-HQNTS,Female,1,Yes,No,70,Yes,Fiber optic,Two year,Yes,Credit card (automatic),113,7987.6,
7665-NKLAV,Female,0,Yes,Yes,36,No,DSL,Two year,No,Credit card (automatic),40.65,1547.35,
6769-DCQLI,Male,0,No,No,52,Yes,Fiber optic,One year,Yes,Bank transfer (automatic),105,5426.85,
2433-KMEAS,Male,0,No,No,22,Yes,DSL,Month-to-month,Yes,Electronic check,54.45,1127.35,
4391-LNRXK,Male,0,No,No,22,Yes,Fiber optic,Month-to-month,Yes,Bank transfer (automatic),94.95,2142.8,
8250-ZNGGW,Female,1,No,No,5,Yes,DSL,Month-to-month,No,Credit card (automatic),59.9,287.85,
2195-ZRVAX,Female,0,Yes,No,47,Yes,Fiber optic,Month-to-month,Yes,Electronic check,85.3,4045.65,
3550-SAHFP,Female,0,No,No,33,Yes,Fiber optic,Month-to-month,Yes,Electronic check,83.35,2757.85,
2011-TRQYE,Male,0,No,No,18,No,DSL,Month-to-month,Yes,Credit card (automatic),33.5,600,
8562-GHPPI,Female,0,No,No,1,Yes,No,Month-to-month,No,Credit card (automatic),19.8,19.8,
5893-PYOLZ,Male,0,No,No,56,Yes,DSL,Two year,Yes,Credit card (automatic),81.8,4534.45,
4986-MXSFP,Female,0,No,No,2,Yes,No,Month-to-month,Yes,Mailed check,20,40.9,
6131-FOYAS,Male,0,No,No,35,Yes,DSL,Month-to-month,Yes,Electronic check,59.6,2094.9,
3027-YNWZU,Female,0,Yes,No,64,Yes,No,Two year,No,Credit card (automatic),25,1584.8,
5609-IMCGG,Female,0,No,No,15,Yes,Fiber optic,Month-to-month,Yes,Credit card (automatic),84.35,1302.65,
4873-ILOLJ,Male,0,No,No,24,Yes,Fiber optic,Month-to-month,Yes,Electronic check,90.35,2238.5,
4727-MCYZG,Male,0,No,No,1,Yes,DSL,Month-to-month,No,Mailed check,55.55,55.55,
9481-WHGWY,Female,0,Yes,Yes,70,Yes,DSL,Two year,No,Credit card (automatic),75.35,5437.75,
2725-KXXWT,Male,0,Yes,No,1,Yes,Fiber optic,Month-to-month,Yes,Electronic check,90.75,90.75,
9565-DJPIB,Female,0,No,Yes,4,Yes,Fiber optic,Month-to-month,No,Mailed check,89.6,365.65,
4328-VUFWD,Female,0,No,No,39,Yes,DSL,One year,No,Electronic check,59.3,2209.15,
3301-LSLWQ,Female,0,No,No,29,Yes,DSL,Month-to-month,Yes,Electronic check,66.1,1912.15,
7473-ZBDSN,Female,0,Yes,Yes,14,Yes,No,Two year,No,Mailed check,18.8,255.55,
3166-PNEOF,Female,0,No,No,61,Yes,DSL,Two year,No,Credit card (automatic),86.45,5175.3,
5639-NTUPK,Male,0,No,Yes,13,Yes,DSL,Month-to-month,Yes,Credit card (automatic),52.1,670.65,
8780-YRMTT,Female,0,No,No,66,No,DSL,Two year,Yes,Mailed check,47.4,3177.25,
8348-HFYIV,Male,0,No,No,2,No,DSL,Month-to-month,Yes,Electronic check,49.25,90.35,
5140-FOMCQ,Female,0,Yes,No,59,Yes,Fiber optic,One year,Yes,Credit card (automatic),109.15,6557.75,
6242-SGYTS,Male,0,Yes,Yes,62,Yes,Fiber optic,One year,Yes,Credit card (automatic),94.95,5791.85,
8166-ORCHU,Male,1,Yes,No,33,Yes,Fiber optic,One year,Yes,Electronic check,93.55,3055.5,
8414-OOEEL,Male,0,No,Yes,66,Yes,DSL,Two year,Yes,Credit card (automatic),79.5,5196.1,
8454-AATJP,Female,0,No,No,72,Yes,Fiber optic,Two year,No,Credit card (automatic),115.05,8405,
6849-WLEYG,Male,0,No,Yes,1,Yes,No,Month-to-month,No,Mailed check,19.75,19.75,
4659-NZRUF,Female,0,No,No,19,Yes,Fiber optic,Month-to-month,Yes,Electronic check,95.15,1789.25,
4531-AUZNK,Female,0,Yes,Yes,51,Yes,Fiber optic,One year,Yes,Mailed check,95.15,5000.05,
4191-XOVOM,Male,0,No,No,63,Yes,Fiber optic,Month-to-month,No,Electronic check,105.4,6713.2,
2150-OEGBV,Male,0,No,No,27,Yes,No,One year,No,Bank transfer (automatic),20.1,562.6,
8429-XIBUM,Male,0,No,No,22,Yes,Fiber optic,Month-to-month,Yes,Bank transfer (automatic),101.35,2317.1,
1855-CFULU,Female,1,No,No,4,Yes,No,Month-to-month,No,Mailed check,20.05,91.45,
4878-BUNFV,Male,0,Yes,Yes,42,Yes,No,Two year,No,Mailed check,20.7,828.85,
1872-EBWSC,Female,0,No,No,29,Yes,No,One year,No,Mailed check,20.35,617.35,
2608-BHKFN,Female,0,No,No,4,Yes,Fiber optic,Month-to-month,Yes,Credit card (automatic),70.05,266.9,
7026-YMSBE,Male,0,No,No,30,Yes,No,One year,No,Mailed check,19.7,625.05,
7341-LXCAF,Male,0,Yes,No,4,Yes,Fiber optic,Month-to-month,Yes,Electronic check,74.65,301.4,
6997-UVGOX,Male,0,Yes,Yes,71,Yes,DSL,Two year,No,Bank transfer (automatic),85.45,6029.9,
9674-EHPPG,Male,0,Yes,No,46,No,DSL,Two year,No,Credit card (automatic),40.4,1842.7,
9462-MJUAW,Male,0,No,No,4,Yes,DSL,Month-to-month,No,Mailed check,50.4,206.6,
8128-YVJRG,Female,0,No,No,7,Yes,Fiber optic,Month-to-month,Yes,Mailed check,79.65,604.7,
5440-VHLUL,Male,0,No,No,69,Yes,Fiber optic,One year,Yes,Bank transfer (automatic),105.2,7386.05,
5781-BKHOP,Female,0,Yes,No,72,Yes,Fiber optic,Two year,No,Bank transfer (automatic),100.65,7334.05,
4283-FUTGF,Male,1,No,No,19,Yes,Fiber optic,Month-to-month,Yes,Electronic check,79.85,1471.75,
5213-TWWJU,Male,0,No,No,28,Yes,Fiber optic,Month-to-month,No,Electronic check,91,2626.15,
1569-TTNYJ,Male,0,Yes,No,5,Yes,Fiber optic,Month-to-month,Yes,Electronic check,78.75,412.1,
8628-MFKAX,Female,1,Yes,No,72,Yes,Fiber optic,Two year,Yes,Credit card (automatic),116.75,8277.05,
2397-BRLOM,Male,1,Yes,Yes,8,Yes,Fiber optic,Month-to-month,Yes,Credit card (automatic),80.45,583.45,
7629-WIXZF,Female,0,No,No,7,Yes,DSL,One year,Yes,Electronic check,59.1,369.25,
5445-GLVOT,Female,0,No,No,22,Yes,DSL,Month-to-month,Yes,Electronic check,49.8,1049.05,
3976-HXHCE,Male,0,No,No,72,Yes,No,Two year,No,Bank transfer (automatic),19.3,1414.8,
2466-NEJOJ,Male,0,Yes,Yes,8,Yes,No,Month-to-month,No,Credit card (automatic),19.65,169.75,
0254-KCJGT,Male,0,Yes,No,52,Yes,DSL,One year,Yes,Credit card (automatic),81.4,4354.45,
5472-CVMDX,Female,0,No,No,68,No,DSL,Two year,No,Mailed check,38.9,2719.2,
6461-SZMCV,Female,0,Yes,No,71,Yes,DSL,Two year,No,Bank transfer (automatic),87.95,6365.35,
8150-QUDFX,Male,0,No,No,2,Yes,No,Month-to-month,No,Mailed check,19.85,51.6,
9508-ILZDG,Female,1,No,No,34,Yes,Fiber optic,Month-to-month,Yes,Electronic check,96.35,3190.25,
2346-DJQTB,Female,0,No,No,35,No,DSL,Month-to-month,No,Electronic check,24.15,812.5,
1697-LYYYX,Female,0,Yes,Yes,61,Yes,No,One year,No,Credit card (automatic),19.1,1143.8,
1942-OQFRW,Male,0,No,No,1,Yes,DSL,Month-to-month,No,Electronic check,44,44,
